Workbook

Sheet Sheet1
A1: Id | B1: Start time | C1: Completion time | D1: Email | E1: Name | F1: I found the system intuitive to navigate and use. . | G1: The system had too many confusing features that were hard to understand.. | H1: I was able to complete my tasks efficiently using this system.. | I1: The system's interface was clean and well-organized. . | J1: I often felt lost while trying to find specific features or options. . | K1: I would recommend this system to others for similar tasks.. | L1: The system was too complex for the tasks needed to be performed.. | M1: I felt in control of the system and its functions.. | N1: It took me too long to learn how to use the system effectively.. | O1: Q1 | P1: Q2 | Q1: Q3 | R1: Q4 | S1: Q5 | T1: Q6 | U1: Q7 | V1: Q8 | W1: Q9 | X1: SUM_TOTAL | Y1: Column1
A2: 2 | B2: 45981.102 | C2: 45981.105 | D2: anonymous | F2: Agree | G2: Disagree | H2: Strongly disagree | I2: Strongly agree | J2: Disagree | K2: Agree | L2: Strongly disagree | M2: Disagree | N2: Disagree | O2: =VLOOKUP(F2, Sheet2!$A$2:$B$6, 2, FALSE) - 1 -> 3 | P2: =5 - VLOOKUP(G2, Sheet2!$A$2:$B$6, 2, FALSE) -> 3 | Q2: =VLOOKUP(H2, Sheet2!$A$2:$B$6, 2, FALSE) - 1 -> 0 | R2: =5 - VLOOKUP(I2, Sheet2!$A$2:$B$6, 2, FALSE) -> 0 | S2: =VLOOKUP(J2, Sheet2!$A$2:$B$6, 2, FALSE) - 1 -> 1 | T2: =5 - VLOOKUP(K2, Sheet2!$A$2:$B$6, 2, FALSE) -> 1 | U2: =VLOOKUP(L2, Sheet2!$A$2:$B$6, 2, FALSE) - 1 -> 0 | V2: =5 - VLOOKUP(M2, Sheet2!$A$2:$B$6, 2, FALSE) -> 3 | W2: =VLOOKUP(M2, Sheet2!$A$2:$B$6, 2, FALSE) - 1 -> 1 | X2: =SUM(O2:W2) * 2.5 -> 30
A3: 3 | B3: 45982.635 | C3: 45982.636 | D3: anonymous | F3: Strongly agree | G3: Disagree | H3: Strongly agree | I3: Agree | J3: Disagree | K3: Strongly agree | L3: Neither agree nor disagree | M3: Neither agree nor disagree | N3: Disagree | O3: =VLOOKUP(F3, Sheet2!$A$2:$B$6, 2, FALSE) - 1 -> 4 | P3: =5 - VLOOKUP(G3, Sheet2!$A$2:$B$6, 2, FALSE) -> 3 | Q3: =VLOOKUP(H3, Sheet2!$A$2:$B$6, 2, FALSE) - 1 -> 4 | R3: =5 - VLOOKUP(I3, Sheet2!$A$2:$B$6, 2, FALSE) -> 1 | S3: =VLOOKUP(J3, Sheet2!$A$2:$B$6, 2, FALSE) - 1 -> 1 | T3: =5 - VLOOKUP(K3, Sheet2!$A$2:$B$6, 2, FALSE) -> 0 | U3: =VLOOKUP(L3, Sheet2!$A$2:$B$6, 2, FALSE) - 1 -> 2 | V3: =5 - VLOOKUP(M3, Sheet2!$A$2:$B$6, 2, FALSE) -> 2 | W3: =VLOOKUP(M3, Sheet2!$A$2:$B$6, 2, FALSE) - 1 -> 2 | X3: =SUM(O3:W3) * 2.5 -> 47.5
A4: 4 | B4: 45982.785 | C4: 45982.786 | D4: anonymous | F4: Strongly agree | G4: Disagree | H4: Strongly disagree | I4: Strongly agree | J4: Strongly disagree | K4: Agree | L4: Strongly disagree | M4: Strongly agree | N4: Strongly disagree | O4: =VLOOKUP(F4, Sheet2!$A$2:$B$6, 2, FALSE) - 1 -> 4 | P4: =5 - VLOOKUP(G4, Sheet2!$A$2:$B$6, 2, FALSE) -> 3 | Q4: =VLOOKUP(H4, Sheet2!$A$2:$B$6, 2, FALSE) - 1 -> 0 | R4: =5 - VLOOKUP(I4, Sheet2!$A$2:$B$6, 2, FALSE) -> 0 | S4: =VLOOKUP(J4, Sheet2!$A$2:$B$6, 2, FALSE) - 1 -> 0 | T4: =5 - VLOOKUP(K4, Sheet2!$A$2:$B$6, 2, FALSE) -> 1 | U4: =VLOOKUP(L4, Sheet2!$A$2:$B$6, 2, FALSE) - 1 -> 0 | V4: =5 - VLOOKUP(M4, Sheet2!$A$2:$B$6, 2, FALSE) -> 0 | W4: =VLOOKUP(M4, Sheet2!$A$2:$B$6, 2, FALSE) - 1 -> 4 | X4: =SUM(O4:W4) * 2.5 -> 30
A5: 5 | B5: 45982.785 | C5: 45982.786 | D5: anonymous | F5: Agree | G5: Disagree | H5: Strongly agree | I5: Strongly agree | J5: Disagree | K5: Agree | L5: Disagree | M5: Strongly agree | N5: Strongly disagree | O5: =VLOOKUP(F5, Sheet2!$A$2:$B$6, 2, FALSE) - 1 -> 3 | P5: =5 - VLOOKUP(G5, Sheet2!$A$2:$B$6, 2, FALSE) -> 3 | Q5: =VLOOKUP(H5, Sheet2!$A$2:$B$6, 2, FALSE) - 1 -> 4 | R5: =5 - VLOOKUP(I5, Sheet2!$A$2:$B$6, 2, FALSE) -> 0 | S5: =VLOOKUP(J5, Sheet2!$A$2:$B$6, 2, FALSE) - 1 -> 1 | T5: =5 - VLOOKUP(K5, Sheet2!$A$2:$B$6, 2, FALSE) -> 1 | U5: =VLOOKUP(L5, Sheet2!$A$2:$B$6, 2, FALSE) - 1 -> 1 | V5: =5 - VLOOKUP(M5, Sheet2!$A$2:$B$6, 2, FALSE) -> 0 | W5: =VLOOKUP(M5, Sheet2!$A$2:$B$6, 2, FALSE) - 1 -> 4 | X5: =SUM(O5:W5) * 2.5 -> 42.5
A6: 6 | B6: 45982.787 | C6: 45982.789 | D6: anonymous | F6: Strongly agree | G6: Disagree | H6: Disagree | I6: Agree | J6: Neither agree nor disagree | K6: Neither agree nor disagree | L6: Neither agree nor disagree | M6: Strongly agree | N6: Neither agree nor disagree | O6: =VLOOKUP(F6, Sheet2!$A$2:$B$6, 2, FALSE) - 1 -> 4 | P6: =5 - VLOOKUP(G6, Sheet2!$A$2:$B$6, 2, FALSE) -> 3 | Q6: =VLOOKUP(H6, Sheet2!$A$2:$B$6, 2, FALSE) - 1 -> 1 | R6: =5 - VLOOKUP(I6, Sheet2!$A$2:$B$6, 2, FALSE) -> 1 | S6: =VLOOKUP(J6, Sheet2!$A$2:$B$6, 2, FALSE) - 1 -> 2 | T6: =5 - VLOOKUP(K6, Sheet2!$A$2:$B$6, 2, FALSE) -> 2 | U6: =VLOOKUP(L6, Sheet2!$A$2:$B$6, 2, FALSE) - 1 -> 2 | V6: =5 - VLOOKUP(M6, Sheet2!$A$2:$B$6, 2, FALSE) -> 0 | W6: =VLOOKUP(M6, Sheet2!$A$2:$B$6, 2, FALSE) - 1 -> 4 | X6: =SUM(O6:W6) * 2.5 -> 47.5
X8: =AVERAGE(X2:X6) -> 39.5
C9: =O2 - 1 -> 2

Sheet Sheet2
A1: Z (Response Text) | B1: AA (Numeric Value)
A2: Strongly disagree | B2: 1
A3: Disagree | B3: 2
A4: Neither agree nor disagree | B4: 3
A5: Agree | B5: 4
A6: Strongly agree | B6: 5
